Id,TARGET_5Yrs
1,0.83
8194,0.73
3,0.93
8196,0.95
8197,0.77
6,0.88
8198,0.72
8202,0.78
14,0.84
8207,0.55
17,0.85
8214,0.91
25,0.78
8217,0.93
8219,0.95
8220,0.94
8228,0.92
38,0.81
39,0.59
8230,0.94
8237,0.98
46,0.99
47,0.9
48,0.79
8239,0.91
50,0.95
51,0.87
8244,0.96
8245,0.91
54,0.88
8250,0.83
60,0.83
62,0.79
63,0.71
8255,0.67
8256,0.71
68,0.75
69,0.63
8261,0.8
8265,0.94
75,0.96
77,0.85
8269,0.82
8273,0.84
84,0.86
8279,0.89
8284,0.82
93,0.78
8288,0.75
98,0.76
101,0.77
104,0.82
8297,0.94
8305,0.63
120,0.96
8317,0.79
8318,0.9
8326,0.48
8328,0.89
137,0.97
138,0.93
139,0.89
8329,0.84
141,0.97
8340,0.89
8343,0.6
152,0.83
156,0.65
157,0.77
8349,0.84
161,0.96
8355,0.93
8357,0.87
167,0.75
8359,0.85
8361,0.84
8362,0.79
8367,0.8
176,0.89
177,0.96
8370,0.95
181,0.86
183,0.89
184,0.73
8376,0.76
8377,0.52
8380,0.78
189,0.81
191,0.72
194,0.82
8387,0.9
8388,0.61
197,0.94
8389,0.95
8392,0.8
202,0.94
8395,0.96
8397,0.96
206,0.58
8400,0.91
210,0.89
213,0.92
8407,0.95
216,0.85
8410,0.87
8411,0.9
221,0.91
8415,0.63
8418,0.89
227,0.75
8419,0.96
229,0.84
8422,0.67
232,0.91
233,0.88
235,0.97
8427,0.84
8429,0.63
243,0.81
8435,0.78
246,0.93
247,0.76
8439,0.95
252,0.88
253,0.86
8447,0.93
256,0.82
8448,0.9
261,0.92
263,0.76
8455,0.87
8456,0.94
8457,0.79
8458,0.85
269,0.88
271,0.87
8463,0.91
8467,0.94
276,0.86
277,0.77
8468,0.93
8469,0.94
8470,0.76
8472,0.75
282,0.75
8475,0.88
284,0.68
285,0.73
286,0.94
8477,0.72
8479,0.9
289,0.85
290,0.78
8485,0.91
8487,0.92
8488,0.94
301,0.68
8493,0.85
8494,0.97
307,0.7
308,0.77
313,0.95
314,0.8
315,0.72
316,0.88
317,0.92
8510,0.95
8517,0.79
326,0.96
8518,0.94
8519,0.73
8521,0.72
333,0.93
334,0.94
8525,0.91
8530,0.93
8531,0.79
8532,0.8
8533,0.81
350,0.78
8542,0.84
354,0.99
8547,0.95
358,0.7
8551,0.9
8552,0.67
361,0.51
364,0.93
8556,0.94
8558,0.75
8560,0.7
8563,0.85
373,0.84
374,0.85
375,0.92
8565,0.77
8567,0.95
8568,0.76
379,0.78
8572,0.76
8576,0.8
8577,0.84
387,0.65
8583,0.84
395,0.78
400,0.6
8592,0.8
402,0.94
8593,0.78
8594,0.95
406,0.82
8598,0.93
8601,0.96
8603,0.94
8604,0.89
416,0.95
8608,0.79
418,0.71
8613,0.77
424,0.91
8618,0.98
427,0.86
429,0.87
430,0.61
8622,0.93
8624,0.78
433,0.89
434,0.95
8625,0.74
436,0.77
437,0.92
8629,0.79
439,0.8
8633,0.95
8638,0.87
449,0.97
450,0.9
451,0.67
8642,0.89
453,0.95
457,0.97
463,0.88
465,0.9
8657,0.92
8659,0.93
468,0.82
8660,0.6
470,0.81
8661,0.68
8663,0.86
8667,0.57
476,0.89
477,0.87
478,0.98
479,0.88
8669,0.89
481,0.81
482,0.91
483,0.77
8671,0.86
8678,0.93
490,0.65
8682,0.94
493,0.67
8686,0.54
499,0.88
500,0.89
501,0.72
8693,0.82
8694,0.85
505,0.8
8700,0.82
8707,0.68
8708,0.85
8712,0.83
521,0.87
8714,0.79
8715,0.94
8718,0.97
528,0.58
529,0.82
530,0.84
8721,0.93
532,0.92
8722,0.82
538,0.94
540,0.74
541,0.92
8737,0.96
548,0.96
550,0.86
8742,0.72
552,0.91
8746,0.81
555,0.86
556,0.64
8749,0.81
558,0.93
8754,0.97
8756,0.88
565,0.7
8760,0.95
8761,0.72
571,0.93
8763,0.9
8768,0.87
579,0.91
8772,0.65
8775,0.76
584,0.76
586,0.91
8778,0.88
8783,0.78
595,0.81
8787,0.74
8789,0.84
8790,0.95
8792,0.94
605,0.69
608,0.85
8800,0.8
8801,0.94
611,0.82
8802,0.81
613,0.68
8806,0.89
616,0.94
8809,0.73
8810,0.88
8815,0.69
8819,0.91
8822,0.81
631,0.85
8823,0.92
633,0.82
8825,0.79
8826,0.91
636,0.92
8829,0.89
638,0.75
639,0.92
8830,0.81
8831,0.9
8832,0.65
8835,0.95
644,0.93
645,0.72
8837,0.89
647,0.72
649,0.93
8842,0.82
651,0.75
8844,0.85
653,0.91
654,0.93
8845,0.91
8851,0.78
8854,0.76
8856,0.83
665,0.84
666,0.81
8858,0.76
668,0.51
8859,0.92
670,0.84
8861,0.66
8862,0.89
8864,0.9
674,0.64
675,0.92
8865,0.95
677,0.81
678,0.95
679,0.89
8866,0.99
8868,0.96
682,0.91
8870,0.77
684,0.77
685,0.54
8872,0.81
687,0.87
8874,0.85
689,0.86
8877,0.8
8883,0.52
693,0.82
694,0.93
696,0.83
8891,0.86
8893,0.91
8897,0.81
710,0.81
8904,0.92
714,0.68
715,0.9
8907,0.72
719,0.9
8912,0.81
8913,0.95
724,0.74
8916,0.89
8923,0.91
8926,0.92
735,0.82
8929,0.54
8930,0.95
740,0.81
742,0.91
743,0.86
8934,0.88
8938,0.86
8939,0.93
752,0.96
753,0.82
8944,0.98
8947,0.92
8949,0.91
8951,0.86
8959,0.91
769,0.89
8962,0.83
8966,0.85
8969,0.82
8973,0.71
789,0.9
792,0.7
793,0.77
794,0.85
8988,0.81
8991,0.8
800,0.82
8993,0.87
8994,0.93
804,0.92
805,0.97
8997,0.87
8999,0.77
811,0.89
9004,0.75
9006,0.88
817,0.94
822,0.94
825,0.69
9017,0.62
9021,0.84
830,0.82
832,0.66
833,0.73
838,0.83
846,0.93
9039,0.88
9040,0.92
9041,0.86
852,0.97
853,0.88
9048,0.91
9049,0.93
9056,0.85
865,0.69
866,0.74
9057,0.7
9061,0.8
872,0.79
873,0.96
874,0.8
875,0.85
9069,0.91
878,0.92
9070,0.53
885,0.93
9077,0.96
888,0.93
891,0.92
892,0.83
893,0.86
894,0.91
9083,0.7
896,0.81
9087,0.98
898,0.92
9088,0.83
9090,0.87
903,0.75
9095,0.69
9102,0.82
911,0.86
912,0.89
9103,0.8
914,0.73
9106,0.83
9107,0.89
917,0.59
918,0.86
920,0.92
9113,0.93
9114,0.78
923,0.81
9123,0.78
933,0.87
934,0.86
9126,0.75
9128,0.98
937,0.69
9133,0.93
945,0.83
9137,0.77
947,0.91
948,0.92
949,0.78
9144,0.8
953,0.91
9146,0.7
955,0.83
9148,0.8
959,0.95
960,0.84
961,0.86
9154,0.86
964,0.87
9157,0.98
9158,0.8
968,0.89
9160,0.74
971,0.74
972,0.57
973,0.87
9163,0.92
9167,0.79
976,0.87
980,0.91
982,0.91
9175,0.81
9176,0.86
986,0.96
987,0.56
9181,0.79
9186,0.9
997,0.7
9189,0.87
999,0.82
1001,0.78
9193,0.88
9194,0.85
9195,0.87
9198,0.95
9199,0.93
9201,0.84
1010,0.73
9204,0.81
9207,0.77
9213,0.94
1023,0.66
9218,0.85
1027,0.76
9220,0.81
9222,0.84
1031,0.65
1037,0.88
1038,0.79
1039,0.79
9233,0.89
1047,0.95
1049,0.78
9241,0.61
1053,0.84
9245,0.82
1055,0.73
9248,0.84
9251,0.84
1061,0.89
1064,0.92
9256,0.84
9262,0.86
1072,0.91
1073,0.8
9266,0.72
1075,0.85
1082,0.9
1086,0.94
1087,0.8
1089,0.87
9282,0.82
1091,0.61
1092,0.77
9283,0.83
1094,0.74
1095,0.99
9284,0.96
9285,0.88
1100,0.94
9292,0.79
9293,0.94
1104,0.87
9296,0.69
9300,0.75
1109,0.94
9302,0.84
1112,0.82
9304,0.74
1117,0.95
9309,0.85
9310,0.95
9314,0.87
1123,0.88
1125,0.69
9317,0.94
1131,0.86
1132,0.8
9324,0.93
1134,0.85
9330,0.89
9331,0.83
9332,0.95
1146,0.82
9340,0.85
1150,0.89
1151,0.9
9346,0.78
1156,0.88
9348,0.96
9350,0.9
9351,0.93
9353,0.87
9354,0.96
9355,0.82
9356,0.91
1165,0.93
9359,0.86
9360,0.96
1170,0.9
1172,0.94
1173,0.85
1174,0.65
1175,0.92
9365,0.79
1180,0.86
9373,0.76
9374,0.76
1184,0.94
1185,0.98
1189,0.83
1192,0.83
1193,0.92
1194,0.83
1195,0.89
9384,0.72
9385,0.7
9387,0.85
9392,0.91
9394,0.79
9395,0.77
1205,0.75
1207,0.88
9401,0.84
1211,0.79
1212,0.49
9403,0.88
9405,0.83
1215,0.91
1216,0.86
9419,0.76
9420,0.71
1229,0.91
1230,0.8
9421,0.75
9423,0.92
1233,0.88
9425,0.83
9433,0.66
1243,0.94
1246,0.81
1249,0.85
1253,0.93
9445,0.75
9446,0.85
9447,0.89
9448,0.62
1262,0.83
1264,0.6
9458,0.86
9461,0.96
1270,0.73
9462,0.87
9463,0.96
1278,0.83
1280,0.68
9472,0.92
1288,0.86
1289,0.63
9480,0.8
1291,0.62
9481,0.96
9483,0.89
9485,0.95
1295,0.87
1296,0.84
9487,0.86
1298,0.89
9490,0.83
9492,0.9
1301,0.81
9493,0.88
1303,0.79
1307,0.77
9503,0.75
1312,0.9
1314,0.9
1317,0.61
9509,0.73
1319,0.87
1320,0.83
1321,0.96
9511,0.89
9512,0.83
9513,0.87
9514,0.97
9516,0.82
9517,0.95
1328,0.69
9519,0.93
1331,0.96
1335,0.88
9527,0.82
1339,0.86
1341,0.7
9533,0.95
9538,0.79
9540,0.95
9542,0.79
9543,0.9
1352,0.8
9545,0.73
1356,0.68
1357,0.79
9551,0.72
1361,0.86
1362,0.9
9555,0.82
9556,0.76
9561,0.86
9564,0.84
9565,0.95
9567,0.91
9568,0.77
9569,0.95
1379,0.87
1380,0.81
1382,0.86
1383,0.73
9577,0.82
1386,0.74
1387,0.8
1392,0.88
1395,0.66
9588,0.84
9590,0.98
1401,0.75
9596,0.8
1405,0.9
1409,0.65
9601,0.65
1412,0.67
9605,0.93
1414,0.89
1417,0.88
9609,0.79
1421,0.96
9613,0.7
1424,0.95
1425,0.94
9617,0.92
1427,0.97
1428,0.75
9620,0.69
1430,0.97
1431,0.97
9621,0.91
9623,0.71
9624,0.84
1435,0.9
9629,0.93
9631,0.95
9632,0.92
9634,0.86
9635,0.92
1446,0.85
9641,0.92
1451,0.77
9644,0.92
1456,0.89
1457,0.85
1459,0.81
9656,0.89
9663,0.86
9664,0.6
1474,0.65
1478,0.88
1479,0.79
9672,0.92
1482,0.85
1487,0.83
9679,0.89
9683,0.8
1493,0.8
9686,0.9
1495,0.85
9687,0.95
9690,0.92
1499,0.78
1503,0.9
1504,0.85
9697,0.97
9700,0.84
1510,0.91
9702,0.88
9706,0.77
9707,0.87
1516,0.89
9709,0.81
1519,0.87
1525,0.92
9724,0.64
9726,0.73
1535,0.62
1538,0.76
9732,0.92
9733,0.67
9738,0.86
1548,0.87
1551,0.87
9744,0.85
1554,0.81
1556,0.96
9748,0.75
9750,0.91
1559,0.54
1561,0.9
1564,0.65
9756,0.84
1567,0.94
1569,0.89
9761,0.83
9763,0.76
9764,0.83
9768,0.77
9769,0.91
1578,0.76
1580,0.67
1581,0.86
1582,0.85
9772,0.87
1586,0.81
9785,0.87
9786,0.77
1595,0.81
1597,0.9
1598,0.74
9789,0.9
1600,0.95
1601,0.95
1602,0.85
9795,0.79
9800,0.79
9802,0.93
1611,0.76
9803,0.87
9805,0.76
1614,0.76
9807,0.96
9808,0.74
1617,0.91
1618,0.86
9810,0.8
1624,0.67
9818,0.81
9821,0.85
9822,0.86
1631,0.89
9824,0.78
9827,0.69
1638,0.52
9832,0.84
1641,0.79
9834,0.93
1643,0.94
9835,0.84
1646,0.92
9838,0.95
9840,0.75
9841,0.88
9843,0.88
1652,0.85
9847,0.94
9852,0.73
1663,0.87
1666,0.79
9860,0.84
9861,0.85
9868,0.78
1677,0.74
1680,0.86
9873,0.79
1683,0.79
9876,0.76
9877,0.91
1693,0.91
9887,0.8
1700,0.77
1701,0.62
1702,0.73
1706,0.95
1708,0.74
9904,0.78
1713,0.89
9905,0.76
9907,0.82
1718,0.78
1721,0.94
1722,0.72
9913,0.69
9916,0.86
1725,0.98
9918,0.7
9924,0.7
1733,0.83
9927,0.8
9928,0.58
1737,0.78
9930,0.87
9932,0.75
1741,0.91
9933,0.85
9935,0.83
1749,0.91
1751,0.83
9943,0.84
9945,0.65
1754,0.87
9947,0.89
1759,0.88
1762,0.9
1767,0.76
9959,0.89
9961,0.75
9967,0.9
1776,0.97
1777,0.74
1778,0.86
9969,0.81
1780,0.84
9973,0.87
1786,0.94
1792,0.77
9984,0.84
9985,0.88
9986,0.92
1797,0.82
1798,0.84
9989,0.88
9992,0.85
1801,0.81
9997,0.75
10000,0.81
1809,0.56
1814,0.98
10008,0.88
1819,0.88
10011,0.91
10013,0.82
1823,0.95
10018,0.9
1827,0.73
1829,0.86
1830,0.81
1831,0.81
10025,0.76
10029,0.94
1839,0.58
10032,0.94
10033,0.93
10034,0.84
10037,0.65
10038,0.85
1848,0.91
1851,0.88
1852,0.85
10045,0.91
10046,0.85
10047,0.96
1857,0.87
10050,0.93
10051,0.84
1860,0.88
10052,0.97
1862,0.96
1863,0.88
1864,0.62
1865,0.59
10056,0.92
10057,0.7
10059,0.87
1870,0.8
10062,0.62
10064,0.76
1874,0.86
10066,0.93
10069,0.89
1885,0.9
1886,0.92
10077,0.89
10078,0.91
10079,0.67
10082,0.94
1891,0.89
10083,0.58
10084,0.76
1894,0.79
1895,0.94
10087,0.9
1898,0.92
1899,0.9
10092,0.84
10093,0.76
1902,0.66
1903,0.67
1904,0.81
10097,0.68
1907,0.89
10103,0.89
1912,0.74
1915,0.71
10107,0.9
1917,0.78
1918,0.78
1919,0.76
10110,0.92
1921,0.63
10112,0.96
1923,0.83
10114,0.92
1928,0.93
10126,0.84
10131,0.92
1941,0.83
10133,0.95
1943,0.89
1944,0.9
1945,0.81
10135,0.95
10136,0.88
10137,0.83
1949,0.88
10140,0.84
1951,0.89
10141,0.63
10142,0.81
10143,0.86
10148,0.89
10151,0.78
10157,0.95
1966,0.84
1968,0.65
10162,0.73
1972,0.93
1973,0.68
1985,0.89
10177,0.76
1987,0.96
10178,0.95
1989,0.98
10182,0.76
1991,0.88
1992,0.92
10185,0.93
10187,0.9
1997,0.72
1998,0.76
1999,0.88
10190,0.82
10193,0.96
10197,0.94
10198,0.91
10200,0.78
2009,0.98
10202,0.81
2011,0.68
10205,0.87
2016,0.85
2017,0.85
2018,0.81
10209,0.55
2020,0.92
10214,0.84
10215,0.63
10216,0.74
2026,0.73
10220,0.92
10223,0.93
10225,0.81
10227,0.73
2039,0.93
10236,0.72
2048,0.64
10243,0.81
10247,0.88
10249,0.89
10251,0.86
2061,0.91
10254,0.82
10255,0.75
10258,0.85
2067,0.98
10259,0.87
2069,0.7
2070,0.79
10260,0.78
2073,0.98
10266,0.75
2084,0.91
10278,0.69
2088,0.89
10281,0.71
10282,0.85
2092,0.88
2093,0.84
10286,0.87
2096,0.75
10291,0.9
2101,0.93
10295,0.47
10296,0.92
10297,0.94
2106,0.8
10298,0.86
10306,0.72
2116,0.85
10309,0.83
2118,0.79
2122,0.89
10317,0.86
2126,0.68
2127,0.87
10323,0.78
2132,0.84
2134,0.84
2136,0.89
10329,0.8
2138,0.71
2139,0.96
10331,0.91
2141,0.82
10336,0.88
2145,0.74
2146,0.9
10340,0.58
10342,0.88
10344,0.87
10345,0.93
10348,0.89
10350,0.89
10352,0.89
10354,0.87
10355,0.77
10358,0.85
2167,0.86
10359,0.89
2170,0.84
10365,0.72
2175,0.94
10369,0.85
2180,0.81
2183,0.7
10375,0.89
10376,0.76
10382,0.76
10385,0.78
10387,0.92
10392,0.87
2201,0.87
2202,0.82
10394,0.89
10395,0.72
2205,0.78
2206,0.76
10397,0.8
10398,0.78
10401,0.89
10402,0.9
2211,0.9
2212,0.68
10403,0.89
2214,0.85
2215,0.81
10404,0.95
2218,0.93
10411,0.82
10412,0.93
10414,0.95
10415,0.95
10416,0.79
10418,0.83
2229,0.67
10423,0.74
2232,0.95
10424,0.78
2234,0.87
2235,0.88
10426,0.72
10431,0.86
2240,0.92
2242,0.75
2243,0.85
10436,0.82
2249,0.9
10441,0.93
10443,0.9
2254,0.83
10448,0.89
10449,0.68
10451,0.83
2261,0.65
10458,0.84
10459,0.9
10460,0.71
10461,0.75
2271,0.86
10465,0.86
10468,0.72
2277,0.69
2278,0.89
10469,0.76
2283,0.7
2284,0.71
2285,0.84
10479,0.83
2288,0.71
10483,0.83
2292,0.92
10486,0.88
10489,0.69
10490,0.96
10491,0.9
2300,0.89
10492,0.83
10495,0.88
10498,0.6
2307,0.77
2310,0.72
10502,0.75
10506,0.49
2315,0.59
10510,0.77
10511,0.85
2320,0.81
10518,0.78
2327,0.9
10520,0.95
2331,0.91
10524,0.93
2333,0.84
2334,0.86
10526,0.89
10527,0.86
2338,0.85
2339,0.8
2340,0.75
2344,0.93
10539,0.96
2348,0.76
2351,0.95
2352,0.63
10544,0.91
2356,0.71
10549,0.83
2362,0.78
10555,0.89
2365,0.76
2366,0.93
10557,0.85
2368,0.92
10559,0.59
10560,0.84
10561,0.88
10562,0.65
10564,0.96
10565,0.79
2375,0.92
10566,0.79
10570,0.9
2379,0.88
2380,0.88
2381,0.93
10571,0.85
10572,0.91
10576,0.88
10577,0.86
10578,0.92
2387,0.86
2390,0.79
2394,0.85
2395,0.79
10588,0.9
2398,0.88
2399,0.69
10591,0.94
2402,0.48
2403,0.87
10598,0.65
10602,0.9
2411,0.86
10603,0.95
10604,0.86
10606,0.9
10608,0.83
2417,0.74
10609,0.95
2419,0.87
10612,0.78
2423,0.66
2424,0.85
2425,0.73
10621,0.89
10622,0.92
2431,0.98
2432,0.96
10627,0.95
10628,0.9
2438,0.83
10635,0.76
2445,0.92
10639,0.95
2455,0.84
2456,0.87
10648,0.94
10652,0.89
10658,0.8
10662,0.93
2471,0.87
10663,0.79
2475,0.86
2476,0.8
10670,0.78
10671,0.83
10672,0.64
10673,0.58
2482,0.95
10675,0.99
10677,0.8
2495,0.88
2499,0.94
2500,0.91
2502,0.89
10694,0.88
2505,0.84
2507,0.78
10700,0.89
10705,0.89
10709,0.76
2518,0.89
10710,0.9
10712,0.69
2524,0.88
2525,0.9
10723,0.86
2532,0.88
10728,0.79
10729,0.87
2540,0.73
2543,0.91
2544,0.65
10736,0.78
10737,0.74
2547,0.88
10738,0.85
2550,0.78
10744,0.95
10745,0.59
2554,0.79
2556,0.77
10750,0.82
2559,0.66
10751,0.76
10754,0.89
2568,0.71
2569,0.72
2571,0.83
2576,0.91
2577,0.82
10768,0.76
2579,0.78
2580,0.9
10769,0.84
2582,0.64
10773,0.89
10775,0.9
10777,0.95
10784,0.93
10785,0.89
10786,0.81
10793,0.8
2605,0.88
10799,0.89
2609,0.91
10801,0.9
2611,0.75
2614,0.77
10806,0.53
2616,0.73
2619,0.68
10811,0.91
2621,0.95
2622,0.88
10812,0.93
10813,0.84
10816,0.94
10818,0.91
10819,0.46
10822,0.8
2631,0.93
2633,0.73
10828,0.9
2637,0.96
2638,0.75
2639,0.84
10830,0.89
10833,0.81
10834,0.87
2644,0.66
2647,0.89
2650,0.74
10843,0.88
2654,0.77
2655,0.63
2656,0.85
10850,0.89
2659,0.91
10852,0.79
2661,0.94
10854,0.88
2663,0.93
10857,0.76
2666,0.88
10862,0.6
2671,0.81
10864,0.87
2675,0.8
2680,0.78
10872,0.91
2683,0.69
10875,0.76
2689,0.87
2694,0.62
10887,0.89
2696,0.9
10888,0.88
2698,0.89
2704,0.75
10897,0.89
2708,0.89
2712,0.78
2713,0.84
10904,0.8
2716,0.82
2717,0.71
2718,0.8
10910,0.69
2720,0.95
10911,0.6
10913,0.89
10916,0.65
2725,0.7
2732,0.98
2733,0.75
10924,0.76
10927,0.93
2736,0.82
2738,0.56
10932,0.92
2741,0.7
10933,0.71
10934,0.77
10935,0.63
2747,0.77
2748,0.8
10942,0.89
10946,0.82
2755,0.98
10948,0.88
2757,0.92
2758,0.96
2762,0.9
2764,0.87
10957,0.82
10959,0.93
10961,0.91
10962,0.92
10963,0.67
10966,0.83
2775,0.95
10969,0.84
2778,0.92
10972,0.87
2781,0.67
2782,0.87
10973,0.77
10975,0.77
2785,0.6
2791,0.86
10983,0.89
2793,0.92
10991,0.94
2803,0.95
10996,0.86
2809,0.77
2815,0.86
11007,0.93
2822,0.87
2825,0.97
2826,0.81
2829,0.92
11021,0.74
2831,0.79
2835,0.84
11027,0.8
11030,0.82
11031,0.87
2842,0.9
2845,0.82
11038,0.91
2848,0.78
2850,0.89
11043,0.73
11044,0.82
11047,0.69
2858,0.96
11051,0.63
11054,0.83
2863,0.7
11058,0.77
2867,0.96
2868,0.82
11060,0.93
11061,0.89
11062,0.74
2876,0.92
2877,0.9
2878,0.88
11069,0.93
11070,0.92
11072,0.93
2882,0.92
11074,0.8
2885,0.73
2886,0.91
11078,0.87
11079,0.89
11080,0.89
2890,0.66
11082,0.95
2892,0.69
11084,0.83
2895,0.64
11087,0.73
11090,0.94
2899,0.75
2901,0.84
11097,0.84
11099,0.87
2908,0.89
11102,0.83
11105,0.8
2914,0.91
11108,0.89
11111,0.79
11114,0.9
2924,0.78
2926,0.87
11118,0.94
2928,0.88
2929,0.86
11123,0.79
2933,0.8
2934,0.93
11127,0.93
2936,0.74
2939,0.96
2940,0.8
11131,0.91
11133,0.71
11134,0.75
2949,0.93
2950,0.84
11142,0.88
2955,0.83
2956,0.91
11149,0.79
11150,0.89
2960,0.92
2967,0.84
11162,0.96
2974,0.72
11167,0.91
2976,0.79
11171,0.89
2980,0.97
11175,0.85
2985,0.88
2986,0.94
11177,0.83
2989,0.82
2990,0.85
2991,0.85
11181,0.77
11182,0.77
2994,0.91
2997,0.94
3002,0.89
3003,0.85
11194,0.95
3005,0.85
3008,0.9
3012,0.73
3019,0.91
3020,0.72
11213,0.81
3024,0.95
11216,0.85
3026,0.92
11217,0.81
3029,0.92
11222,0.88
3031,0.86
3032,0.9
11228,0.91
11231,0.62
11233,0.76
3045,0.69
3046,0.93
11239,0.89
3050,0.68
11244,0.79
3053,0.97
11245,0.75
3056,0.66
3057,0.95
3060,0.77
11255,0.73
3065,0.82
11262,0.79
3071,0.87
3072,0.95
11263,0.93
3077,0.86
11269,0.91
3079,0.63
11270,0.77
3081,0.87
11277,0.9
3087,0.66
11280,0.91
3092,0.87
11284,0.91
3096,0.82
3097,0.65
3101,0.68
3102,0.92
11295,0.95
11296,0.71
11297,0.91
11298,0.79
11299,0.8
3108,0.9
3112,0.67
3113,0.86
3114,0.85
11306,0.94
3117,0.92
11311,0.84
3122,0.93
3124,0.93
11318,0.76
11327,0.79
11330,0.63
11331,0.93
3140,0.66
11332,0.81
11335,0.65
11337,0.8
3146,0.91
11342,0.63
11343,0.94
3152,0.94
11344,0.67
3155,0.91
11348,0.94
11349,0.79
11350,0.79
3159,0.86
3160,0.73
11358,0.8
3168,0.64
3169,0.92
3172,0.83
11365,0.83
3175,0.62
11368,0.61
11372,0.96
11375,0.72
3184,0.9
11376,0.89
3187,0.83
11380,0.7
11381,0.89
3190,0.83
3194,0.87
3195,0.93
3196,0.94
11389,0.9
11391,0.75
3204,0.86
3206,0.95
3208,0.76
3209,0.76
11404,0.68
11407,0.76
3216,0.79
11408,0.7
3218,0.97
11411,0.93
3221,0.87
3222,0.88
3223,0.73
11414,0.81
3226,0.93
11424,0.73
3233,0.73
3234,0.9
11426,0.78
3237,0.88
11430,0.89
11431,0.64
11432,0.84
3242,0.86
3243,0.93
11438,0.9
11441,0.95
3253,0.88
11447,0.95
3258,0.86
11450,0.9
3260,0.62
11454,0.71
3265,0.94
3266,0.76
11457,0.71
11464,0.85
3273,0.89
3275,0.84
3276,0.83
3277,0.81
3278,0.95
11468,0.84
11469,0.92
11470,0.98
3284,0.77
3286,0.93
11480,0.73
11482,0.97
11483,0.82
11484,0.73
11487,0.8
11488,0.99
3297,0.9
11490,0.64
11491,0.55
11494,0.94
3303,0.71
3304,0.98
11497,0.88
3307,0.85
3310,0.97
11503,0.87
11504,0.76
3313,0.95
11506,0.83
3315,0.83
3316,0.82
11508,0.94
11511,0.88
11512,0.7
3324,0.78
11517,0.87
3328,0.84
3329,0.9
3330,0.91
11520,0.93
3332,0.82
11522,0.89
11523,0.89
3337,0.96
3338,0.96
11529,0.93
11530,0.93
3342,0.89
3344,0.92
11536,0.69
11540,0.9
3349,0.71
3350,0.75
11542,0.81
11544,0.78
11545,0.95
3354,0.8
3361,0.89
3362,0.81
3363,0.93
11557,0.8
3368,0.92
11561,0.88
11564,0.91
3373,0.78
11569,0.97
3379,0.88
11572,0.87
11576,0.52
3385,0.93
11582,0.79
11583,0.77
3395,0.67
11589,0.91
3399,0.83
11592,0.92
3401,0.86
3403,0.91
11598,0.79
11600,0.95
11602,0.93
11604,0.79
3415,0.89
11610,0.8
3419,0.83
11611,0.94
11612,0.97
11614,0.82
3423,0.85
3425,0.74
3426,0.88
11617,0.79
11619,0.8
11621,0.95
11622,0.78
11623,0.77
11625,0.85
3434,0.98
3435,0.94
3436,0.89
3437,0.86
3439,0.95
3440,0.89
3441,0.92
3442,0.78
11633,0.89
3444,0.88
3445,0.82
11637,0.95
11638,0.84
3448,0.77
3449,0.8
3450,0.88
11639,0.91
11640,0.92
11641,0.84
11645,0.66
3455,0.87
3456,0.93
11648,0.86
3458,0.88
11649,0.71
3462,0.97
3465,0.89
11657,0.78
11658,0.92
11662,0.91
11664,0.91
11665,0.93
11666,0.89
3476,0.86
11668,0.57
11669,0.84
11670,0.84
11672,0.85
3484,0.91
3485,0.73
11678,0.78
3487,0.92
3488,0.93
11681,0.75
3491,0.86
11685,0.99
3494,0.88
3496,0.95
3498,0.79
11692,0.91
3501,0.81
11693,0.91
11695,0.9
3506,0.97
11699,0.76
3512,0.91
3514,0.69
11706,0.67
11709,0.71
3518,0.77
11714,0.95
3524,0.93
3525,0.79
11726,0.67
3536,0.76
11733,0.88
3542,0.86
11737,0.82
3546,0.73
11738,0.79
11739,0.91
11740,0.82
3550,0.94
3552,0.92
11746,0.68
11749,0.76
11750,0.65
3559,0.85
11753,0.83
11759,0.77
11761,0.65
3575,0.69
11768,0.9
11769,0.94
11770,0.84
11772,0.88
11776,0.91
11777,0.88
11778,0.68
3588,0.96
3589,0.87
11784,0.88
3597,0.94
11790,0.48
3599,0.91
11798,0.78
11801,0.79
11804,0.8
3613,0.79
3614,0.93
11806,0.91
3618,0.86
3619,0.79
3622,0.94
3623,0.75
11816,0.88
11818,0.76
11820,0.92
3629,0.81
11823,0.85
11826,0.91
11829,0.8
3638,0.85
11830,0.83
3643,0.84
3645,0.93
3646,0.87
11840,0.79
3650,0.67
11842,0.72
3654,0.88
3655,0.81
3656,0.91
11849,0.86
11852,0.76
11854,0.68
11855,0.9
3666,0.89
3668,0.7
11860,0.66
3672,0.79
11865,0.79
3674,0.84
11868,0.8
3678,0.74
3679,0.88
3682,0.78
11876,0.81
3686,0.81
11878,0.87
11880,0.96
11883,0.89
3693,0.82
11886,0.55
3696,0.89
3697,0.79
11888,0.92
11889,0.85
11891,0.87
11893,0.87
3705,0.75
3706,0.87
3708,0.87
3715,0.93
11910,0.85
3720,0.82
11914,0.92
3723,0.85
3725,0.98
3726,0.75
11921,0.93
3730,0.9
3731,0.77
11922,0.92
11928,0.88
11931,0.82
11936,0.92
3746,0.84
3749,0.76
11943,0.73
11944,0.86
11949,0.88
3758,0.71
3759,0.83
11951,0.86
3761,0.84
11953,0.8
11955,0.85
11956,0.86
3765,0.78
3766,0.91
11958,0.87
11960,0.96
3773,0.76
11965,0.81
11967,0.61
3776,0.68
3777,0.81
11969,0.93
3782,0.71
3784,0.87
11976,0.88
3789,0.85
11981,0.89
11983,0.91
11985,0.62
3794,0.82
11986,0.94
3797,0.93
3798,0.64
11989,0.71
11990,0.76
11992,0.82
3802,0.86
11994,0.76
3805,0.78
11999,0.87
3809,0.66
12002,0.86
3813,0.74
12007,0.77
12008,0.74
3817,0.84
3818,0.76
12009,0.91
3820,0.84
3821,0.8
12010,0.72
12011,0.88
12013,0.84
3825,0.82
12015,0.86
3827,0.92
3828,0.93
3830,0.78
3834,0.79
12026,0.83
3840,0.83
3843,0.91
12037,0.9
3846,0.85
3847,0.84
12040,0.91
12043,0.78
12046,0.94
12049,0.82
3859,0.9
12052,0.9
12054,0.93
3863,0.81
3867,0.87
3868,0.7
12059,0.89
12060,0.94
3872,0.88
12066,0.82
3875,0.84
3878,0.68
3879,0.97
12077,0.95
3888,0.85
3889,0.9
12081,0.55
3892,0.53
3896,0.95
12091,0.94
12092,0.86
3901,0.93
12098,0.97
12099,0.9
12100,0.83
3909,0.97
3910,0.88
12101,0.94
3913,0.67
12107,0.86
12108,0.92
3917,0.95
12114,0.86
12116,0.81
3925,0.62
3927,0.63
3928,0.9
3929,0.72
3930,0.91
3931,0.97
12125,0.92
12133,0.91
3942,0.94
3943,0.67
3947,0.95
12139,0.88
12140,0.65
3952,0.85
12144,0.91
3957,0.9
3959,0.76
12151,0.86
12153,0.86
12161,0.78
12166,0.8
3978,0.69
12171,0.8
3981,0.81
12173,0.88
3983,0.91
12176,0.84
3985,0.93
3989,0.74
3991,0.95
12186,0.79
12188,0.96
12191,0.93
4001,0.73
12194,0.82
4005,0.93
4007,0.81
12200,0.83
4009,0.83
4010,0.88
12203,0.86
12204,0.83
12205,0.9
12207,0.91
4019,0.94
12211,0.72
4021,0.84
4026,0.78
12218,0.71
12220,0.86
4029,0.75
4030,0.78
12221,0.88
12225,0.87
12226,0.88
4035,0.66
12231,0.76
12232,0.79
4042,0.88
12234,0.62
4047,0.79
12240,0.85
12242,0.95
12243,0.86
4052,0.91
4053,0.97
12245,0.92
12248,0.74
4057,0.83
4060,0.96
12252,0.98
4062,0.84
4063,0.95
4064,0.93
12255,0.77
4066,0.81
12258,0.84
12260,0.82
12262,0.92
4071,0.78
4075,0.86
4080,0.94
12272,0.78
12274,0.75
4085,0.78
4086,0.9
12277,0.77
12279,0.87
4091,0.78
4092,0.72
12288,0.81
12290,0.91
12292,0.76
12296,0.81
12297,0.83
4106,0.95
4110,0.84
4111,0.91
4113,0.94
4116,0.88
12309,0.93
4119,0.84
4120,0.91
4121,0.62
12311,0.75
12313,0.67
4124,0.79
12317,0.94
4127,0.92
12321,0.92
4130,0.5
4131,0.81
12322,0.94
12327,0.87
12330,0.97
4140,0.84
12333,0.86
12334,0.97
12335,0.93
12337,0.95
4147,0.87
12339,0.88
4149,0.78
12342,0.71
4152,0.81
4153,0.82
12344,0.94
12347,0.89
12348,0.84
4157,0.65
4159,0.75
4160,0.87
4161,0.9
12351,0.9
12352,0.84
4164,0.89
12356,0.88
12357,0.71
12360,0.66
12362,0.77
12364,0.58
4173,0.89
4174,0.94
12369,0.85
12370,0.85
4181,0.75
4183,0.44
12376,0.64
4186,0.92
4191,0.74
12383,0.54
4194,0.89
12387,0.95
4197,0.7
4198,0.72
4199,0.81
12390,0.73
4203,0.95
12395,0.84
4206,0.95
4207,0.82
12400,0.82
12401,0.86
12402,0.93
12403,0.98
4215,0.97
12408,0.84
4222,0.87
4225,0.97
12418,0.79
4228,0.89
12420,0.86
12423,0.88
12425,0.97
4234,0.96
4235,0.73
12428,0.85
4237,0.63
12429,0.73
4241,0.81
4242,0.85
4246,0.88
4247,0.86
4248,0.79
12439,0.87
12440,0.94
12441,0.93
12442,0.92
4254,0.83
12447,0.76
4257,0.91
12450,0.81
4259,0.74
4260,0.72
12451,0.86
4262,0.9
4263,0.79
12453,0.76
4265,0.92
4266,0.84
12457,0.74
4268,0.81
4269,0.56
4270,0.93
12461,0.91
12464,0.91
4275,0.89
12468,0.92
4279,0.81
12471,0.93
12472,0.97
4282,0.89
12474,0.95
4284,0.96
4285,0.79
4286,0.76
4287,0.93
12476,0.96
4290,0.86
4293,0.91
12488,0.7
4297,0.73
4299,0.81
4305,0.8
12498,0.92
12499,0.91
4312,0.79
12507,0.8
4316,0.92
4317,0.87
4320,0.9
12512,0.89
12513,0.83
12514,0.8
12515,0.79
4325,0.86
12518,0.79
4327,0.79
4329,0.97
4330,0.83
4331,0.97
12521,0.76
4333,0.92
12522,0.86
12524,0.76
12531,0.85
4343,0.88
12536,0.88
12539,0.98
12542,0.84
12546,0.91
12549,0.96
4358,0.91
12553,0.81
4362,0.82
4365,0.9
12557,0.71
12558,0.66
4369,0.95
12561,0.79
12562,0.76
4372,0.85
4373,0.93
4376,0.89
12568,0.85
4384,0.89
12577,0.91
4386,0.89
4387,0.87
12580,0.55
4389,0.71
4390,0.88
12582,0.43
12584,0.81
12591,0.91
4400,0.73
12593,0.74
4403,0.86
12595,0.86
12598,0.83
4407,0.84
12599,0.8
12600,0.84
12601,0.95
12605,0.84
12607,0.75
12611,0.9
4423,0.88
4424,0.76
4427,0.83
12619,0.93
4429,0.71
12621,0.91
12622,0.87
4432,0.85
12623,0.82
4437,0.81
4438,0.98
12633,0.96
4442,0.81
12639,0.83
4449,0.76
4450,0.69
4451,0.88
12643,0.94
4455,0.96
12650,0.79
4459,0.79
4460,0.72
4461,0.85
12652,0.83
4463,0.76
12653,0.77
4465,0.77
12658,0.85
12659,0.91
12660,0.86
12661,0.76
4470,0.86
12663,0.95
4473,0.81
12665,0.84
4477,0.69
12671,0.91
12672,0.99
4481,0.74
4482,0.9
4483,0.93
4484,0.73
12676,0.86
12678,0.72
4487,0.69
12680,0.76
4489,0.94
12681,0.64
12686,0.68
4496,0.85
4499,0.89
4504,0.85
12696,0.68
4507,0.64
4509,0.91
4510,0.88
4511,0.82
12707,0.63
4517,0.79
4521,0.55
4523,0.87
12715,0.92
4525,0.95
4526,0.89
12722,0.72
12725,0.8
4535,0.94
12730,0.75
4540,0.86
4541,0.67
12732,0.9
4546,0.7
12739,0.79
12742,0.87
12743,0.95
4553,0.86
12747,0.88
4560,0.87
4561,0.95
4562,0.87
12752,0.78
12754,0.93
4565,0.72
12756,0.76
4567,0.7
4568,0.91
4569,0.87
12762,0.92
12763,0.96
4573,0.92
12771,0.96
12773,0.92
12774,0.81
4583,0.69
12777,0.73
12778,0.84
12779,0.78
12782,0.91
12786,0.74
4595,0.7
12788,0.76
4598,0.79
4608,0.8
12802,0.83
4611,0.87
4612,0.92
4615,0.83
12807,0.82
4619,0.93
12812,0.88
12813,0.99
4629,0.71
12821,0.74
12823,0.93
4633,0.81
4634,0.88
4635,0.96
12825,0.65
4638,0.87
4641,0.73
4642,0.96
4646,0.76
4647,0.92
4649,0.84
12841,0.95
4652,0.82
4653,0.97
4654,0.74
12844,0.89
4657,0.9
12849,0.84
12851,0.66
12852,0.85
4662,0.57
12854,0.93
4664,0.92
12857,0.81
12858,0.81
12862,0.79
4672,0.79
4673,0.8
12867,0.92
12869,0.77
4678,0.95
12872,0.67
12875,0.78
4690,0.92
12886,0.92
4699,0.73
12892,0.93
4701,0.76
4703,0.77
4704,0.84
12901,0.78
12904,0.99
4713,0.59
12905,0.79
12909,0.62
12911,0.94
12914,0.95
12916,0.73
12919,0.75
4730,0.94
4731,0.9
12924,0.85
12925,0.85
12926,0.9
4736,0.92
12930,0.87
12931,0.79
4740,0.86
4741,0.96
12935,0.8
4746,0.92
12940,0.83
4751,0.82
4752,0.83
12944,0.69
12945,0.73
4756,0.76
12948,0.87
4762,0.85
12954,0.89
12955,0.84
4765,0.94
4766,0.81
4767,0.83
12960,0.9
4770,0.87
4777,0.95
12971,0.96
12972,0.69
4782,0.73
12974,0.84
4786,0.87
4788,0.9
4790,0.86
4794,0.94
4797,0.91
12991,0.95
12994,0.65
12996,0.86
12998,0.87
4808,0.8
13000,0.94
13006,0.91
4815,0.78
4818,0.89
13011,0.9
4821,0.9
4824,0.7
4825,0.9
13022,0.79
13023,0.75
13024,0.57
4833,0.85
4838,0.91
13033,0.89
4842,0.91
4844,0.78
13039,0.86
4848,0.95
4849,0.72
13041,0.96
13042,0.88
13044,0.77
13046,0.93
13048,0.92
13049,0.92
4866,0.64
13059,0.7
4868,0.76
4869,0.82
13063,0.94
4872,0.79
13064,0.78
13065,0.64
4875,0.9
13067,0.88
4877,0.95
13071,0.76
13072,0.93
4881,0.87
13073,0.89
4884,0.94
13076,0.72
4886,0.86
4887,0.84
13080,0.83
13081,0.69
13083,0.93
13084,0.83
4895,0.76
4896,0.65
13087,0.87
4898,0.91
13088,0.86
4900,0.91
4901,0.81
13092,0.86
13093,0.81
13098,0.91
4908,0.99
13104,0.89
4914,0.89
13106,0.85
13108,0.72
4917,0.56
13109,0.9
4919,0.85
4920,0.86
13112,0.82
4923,0.79
4925,0.8
13117,0.92
13118,0.88
13124,0.9
4933,0.72
4936,0.92
4937,0.77
13128,0.82
13132,0.96
13133,0.86
4942,0.84
13140,0.64
4950,0.82
4954,0.88
13149,0.74
4958,0.8
13152,0.89
13153,0.83
13154,0.77
4964,0.93
13156,0.78
13157,0.81
13162,0.89
4971,0.83
4972,0.84
4973,0.75
4974,0.88
4975,0.89
13164,0.7
4978,0.95
4981,0.74
13174,0.86
13178,0.93
13183,0.75
4992,0.86
13184,0.91
4995,0.78
13187,0.9
4997,0.77
13188,0.62
4999,0.8
13191,0.93
13192,0.91
13193,0.8
13198,0.78
5007,0.94
13202,0.91
13206,0.95
13207,0.9
13208,0.81
5017,0.79
13210,0.93
5020,0.87
13216,0.51
13218,0.91
5027,0.97
13224,0.85
13228,0.93
13230,0.91
5039,0.81
5040,0.92
13235,0.91
5045,0.76
5050,0.84
13242,0.87
13244,0.96
5053,0.84
5056,0.91
5057,0.83
13251,0.79
13252,0.78
5061,0.9
13253,0.67
5068,0.78
5070,0.82
5072,0.73
5073,0.84
5075,0.73
5076,0.92
13267,0.98
13269,0.88
5081,0.9
13273,0.92
13275,0.93
5084,0.81
13279,0.73
13280,0.96
13282,0.7
5092,0.76
5093,0.62
13286,0.95
13287,0.73
13288,0.72
5097,0.91
13289,0.76
13291,0.98
5100,0.58
5109,0.84
13301,0.94
13302,0.9
5112,0.91
13304,0.92
13307,0.9
5116,0.81
13310,0.67
13312,0.84
5123,0.87
5126,0.87
13319,0.77
13321,0.96
5132,0.92
5136,0.93
5138,0.85
13330,0.68
5140,0.57
5141,0.92
13332,0.89
5143,0.92
13333,0.96
5145,0.95
5146,0.67
5147,0.71
13334,0.8
13335,0.9
13336,0.86
13342,0.83
13344,0.74
5153,0.65
13345,0.91
5157,0.99
5159,0.97
5162,0.93
13355,0.81
13357,0.7
13358,0.75
5168,0.95
5174,0.88
5175,0.96
13366,0.86
5179,0.83
5180,0.92
5186,0.93
13379,0.78
5188,0.81
5189,0.75
13383,0.88
5192,0.93
13384,0.82
5194,0.89
5195,0.93
13385,0.91
5197,0.92
13387,0.96
13391,0.83
5204,0.81
5205,0.86
5206,0.82
13398,0.92
5211,0.73
13404,0.83
13405,0.97
13406,0.94
13409,0.76
13411,0.85
5220,0.78
5222,0.75
5223,0.92
5224,0.94
5226,0.86
5227,0.86
13419,0.77
5229,0.86
13425,0.94
13426,0.91
13427,0.82
5237,0.97
5239,0.77
5244,0.86
13437,0.72
5246,0.67
5249,0.86
13442,0.98
5251,0.76
5252,0.87
13443,0.85
13444,0.89
13447,0.82
13448,0.7
5257,0.92
5258,0.84
13451,0.57
13459,0.91
13461,0.73
5272,0.88
5273,0.85
13464,0.77
13470,0.72
13471,0.84
13472,0.93
13473,0.76
5282,0.91
13474,0.87
13475,0.76
13477,0.9
5286,0.82
13478,0.9
5288,0.94
13481,0.89
13482,0.76
5291,0.94
5292,0.81
5294,0.79
5295,0.94
13487,0.9
5297,0.9
5298,0.85
13489,0.99
13490,0.65
13496,0.59
5307,0.9
5308,0.82
13499,0.8
13501,0.74
5311,0.69
13509,0.92
5318,0.92
5319,0.88
5320,0.92
13512,0.92
5322,0.93
5323,0.95
5324,0.85
13515,0.69
13517,0.79
13521,0.99
5330,0.97
13522,0.86
13524,0.69
5333,0.57
13527,0.94
13530,0.84
5339,0.81
13531,0.85
5341,0.88
13533,0.89
5347,0.73
5350,0.95
5351,0.98
5353,0.79
5354,0.88
5355,0.75
5356,0.88
5357,0.9
5367,0.81
13560,0.76
5369,0.94
13562,0.76
5371,0.85
13563,0.66
13566,0.77
5376,0.95
13568,0.8
13569,0.95
5380,0.83
13572,0.65
13573,0.61
13574,0.84
13575,0.61
5385,0.85
13577,0.78
13580,0.91
13582,0.95
13584,0.88
5393,0.69
13587,0.83
13590,0.82
5400,0.84
13592,0.87
5404,0.82
5406,0.75
13600,0.83
5409,0.81
13605,0.97
5415,0.82
5416,0.89
13607,0.89
13612,0.95
13617,0.75
5427,0.92
5428,0.63
5432,0.88
13625,0.83
5435,0.72
13628,0.85
5437,0.91
13630,0.97
5444,0.88
13637,0.83
5446,0.87
5447,0.93
5448,0.54
5449,0.77
13638,0.67
13643,0.65
5453,0.77
13645,0.97
13647,0.89
13648,0.94
5457,0.85
13653,0.85
5462,0.87
5464,0.86
5465,0.92
13657,0.7
13662,0.79
13665,0.96
5479,0.87
5481,0.62
5482,0.92
13675,0.95
13680,0.73
13683,0.82
13684,0.92
5493,0.92
5494,0.9
13685,0.77
13686,0.44
13687,0.59
5498,0.9
5499,0.89
13689,0.73
13692,0.93
5503,0.97
13697,0.62
5507,0.85
5508,0.94
13702,0.8
5511,0.89
5513,0.82
5516,0.83
5517,0.83
13708,0.82
13710,0.91
5520,0.77
5522,0.88
13716,0.69
5525,0.84
5530,0.95
13722,0.88
5532,0.67
13724,0.97
5534,0.81
13725,0.98
13729,0.84
13730,0.93
13731,0.8
13736,0.66
5548,0.77
5549,0.96
5553,0.95
13746,0.74
5555,0.73
13747,0.93
5560,0.9
5566,0.8
13760,0.93
5570,0.94
13762,0.9
13765,0.86
13766,0.87
13767,0.9
5576,0.92
5577,0.74
13770,0.93
13771,0.79
13774,0.86
5588,0.96
5595,0.75
5596,0.86
13787,0.86
13792,0.85
5604,0.87
5612,0.88
5617,0.86
5626,0.83
5633,0.78
5634,0.88
5638,0.83
5639,0.99
5640,0.5
5642,0.97
5644,0.91
5648,0.66
5664,0.74
5669,0.79
5672,0.81
5674,0.68
5678,0.76
5680,0.92
5683,0.77
5684,0.56
5686,0.9
5689,0.6
5693,0.72
5698,0.94
5704,0.93
5714,0.91
5717,0.9
5720,0.82
5724,0.72
5727,0.59
5731,0.86
5736,0.97
5741,0.88
5742,0.82
5752,0.88
5759,0.88
5760,0.81
5761,0.9
5768,0.95
5771,0.86
5782,0.71
5785,0.92
5787,0.84
5789,0.96
5793,0.7
5795,0.84
5796,0.86
5806,0.87
5809,0.77
5810,0.87
5815,0.67
5816,0.77
5821,0.8
5824,0.91
5829,0.91
5835,0.75
5836,0.77
5838,0.83
5839,0.82
5847,0.92
5849,0.88
5856,0.62
5860,0.85
5865,0.94
5866,0.85
5868,0.89
5875,0.74
5885,0.7
5893,0.86
5897,0.85
5898,0.81
5911,0.84
5912,0.9
5913,0.97
5915,0.88
5920,0.92
5929,0.73
5940,0.76
5945,0.79
5948,0.88
5954,0.79
5961,0.93
5966,0.81
5968,0.95
5974,0.8
5979,0.97
5982,0.85
5986,0.61
5989,0.78
5995,0.79
5996,0.77
5998,0.83
6001,0.73
6003,0.94
6007,0.83
6012,0.79
6017,0.84
6018,0.92
6019,0.97
6020,0.67
6022,0.96
6026,0.67
6028,0.7
6030,0.83
6031,0.97
6044,0.85
6046,0.82
6055,0.92
6060,0.74
6062,0.96
6067,0.63
6074,0.77
6077,0.95
6078,0.67
6082,0.88
6084,0.72
6088,0.89
6089,0.96
6090,0.92
6097,0.98
6102,0.93
6106,0.78
6108,0.79
6109,0.96
6116,0.8
6119,0.88
6120,0.6
6122,0.62
6124,0.78
6127,0.86
6129,0.72
6132,0.86
6134,0.92
6139,0.7
6140,0.86
6141,0.9
6149,0.78
6151,0.9
6152,0.89
6154,0.86
6156,0.92
6157,0.9
6161,0.85
6173,0.53
6174,0.88
6176,0.53
6177,0.83
6178,0.74
6185,0.81
6189,0.93
6191,0.8
6195,0.93
6201,0.91
6203,0.97
6213,0.83
6215,0.95
6221,0.81
6229,0.93
6233,0.84
6238,0.65
6241,0.91
6246,0.92
6248,0.86
6250,0.57
6257,0.84
6262,0.93
6264,0.96
6265,0.85
6266,0.7
6267,0.85
6269,0.85
6270,0.98
6271,0.87
6272,0.53
6275,0.85
6278,0.77
6279,0.8
6280,0.84
6284,0.92
6285,0.71
6291,0.89
6292,0.93
6296,0.94
6301,0.64
6304,0.73
6307,0.89
6308,0.96
6314,0.89
6316,0.86
6318,0.91
6321,0.69
6323,0.73
6325,0.65
6326,0.84
6332,0.72
6333,0.95
6336,0.92
6347,0.71
6349,0.94
6352,0.92
6363,0.99
6368,0.87
6370,0.93
6372,0.9
6373,0.76
6382,0.95
6403,0.92
6406,0.8
6408,0.84
6409,0.87
6411,0.9
6412,0.88
6414,0.79
6421,0.67
6430,0.71
6431,0.92
6434,0.82
6436,0.65
6445,0.76
6448,0.86
6456,0.95
6459,0.92
6462,0.84
6468,0.77
6470,0.79
6474,0.78
6485,0.84
6486,0.9
6489,0.81
6493,0.65
6498,0.75
6500,0.79
6501,0.82
6506,0.87
6509,0.83
6513,0.91
6514,0.88
6524,0.62
6525,0.54
6529,0.91
6533,0.76
6535,0.86
6537,0.66
6538,0.71
6545,0.74
6551,0.81
6553,0.86
6555,0.91
6562,0.86
6567,0.77
6571,0.71
6572,0.84
6574,0.9
6579,0.95
6580,0.74
6586,0.59
6588,0.9
6591,0.62
6594,0.67
6600,0.71
6603,0.97
6607,0.73
6610,0.84
6612,0.55
6621,0.88
6623,1.0
6624,0.76
6626,0.83
6628,0.89
6634,0.77
6636,0.77
6638,0.95
6640,0.82
6644,0.77
6649,0.82
6650,0.8
6651,0.93
6653,0.92
6656,0.93
6657,0.61
6665,0.82
6670,0.84
6675,0.82
6683,0.61
6687,0.6
6692,0.84
6693,0.87
6698,0.68
6701,0.82
6708,0.62
6710,0.7
6714,0.45
6715,0.75
6717,0.88
6718,0.9
6720,0.84
6730,0.85
6732,0.75
6735,0.87
6736,0.96
6737,0.84
6745,0.87
6746,0.96
6759,0.76
6764,0.98
6768,0.84
6769,0.8
6772,0.59
6773,0.93
6775,0.93
6780,0.92
6784,0.91
6785,0.8
6790,0.95
6791,0.99
6792,0.86
6794,0.71
6810,0.68
6812,0.82
6816,0.73
6820,0.72
6823,0.83
6825,0.9
6828,0.79
6829,0.96
6830,0.88
6831,0.76
6832,0.81
6834,0.71
6836,0.81
6839,0.94
6843,0.78
6846,0.69
6847,0.74
6851,0.92
6854,0.75
6855,0.97
6857,0.93
6861,0.83
6867,0.85
6869,0.85
6870,0.92
6872,0.91
6877,0.87
6878,0.79
6885,0.86
6887,0.91
6889,0.83
6890,0.85
6894,0.85
6897,0.83
6906,0.97
6915,0.87
6916,0.69
6917,0.8
6920,0.9
6921,0.89
6922,0.98
6923,0.95
6935,0.87
6936,0.84
6937,0.83
6940,0.88
6946,0.92
6948,0.9
6949,0.83
6956,0.8
6957,0.86
6959,0.56
6960,0.9
6967,0.74
6973,0.8
6974,0.85
6976,0.77
6982,0.84
6984,0.6
6985,0.86
6987,0.83
6990,0.76
6991,0.91
6992,0.81
6998,0.82
7004,0.86
7005,0.86
7008,0.93
7011,0.83
7013,0.93
7015,0.82
7016,0.9
7021,0.86
7026,0.61
7027,0.95
7030,0.89
7033,0.68
7035,0.82
7039,0.81
7044,0.94
7046,0.91
7047,0.69
7048,0.82
7050,0.9
7052,0.89
7053,0.9
7054,0.8
7057,0.77
7060,0.92
7062,0.9
7070,0.75
7076,0.46
7077,0.58
7081,0.96
7089,0.9
7091,0.78
7093,0.92
7095,0.82
7097,0.77
7100,0.56
7103,0.91
7105,0.87
7113,0.61
7118,0.9
7120,0.77
7131,0.63
7137,0.85
7139,0.96
7140,0.75
7142,0.79
7144,0.75
7148,0.89
7153,0.94
7154,0.91
7159,0.72
7160,0.79
7161,0.91
7167,0.79
7168,0.97
7169,0.88
7183,0.93
7189,0.73
7191,0.7
7195,0.92
7196,0.46
7197,0.89
7198,0.93
7201,0.82
7202,0.94
7217,0.88
7220,0.79
7223,0.94
7230,0.85
7235,0.79
7236,0.85
7237,0.82
7248,0.57
7249,0.88
7253,0.84
7255,0.87
7256,0.83
7257,0.72
7264,0.93
7266,0.79
7275,0.9
7284,0.76
7287,0.85
7289,0.81
7290,0.95
7292,0.96
7293,0.63
7296,0.76
7298,0.84
7305,0.81
7308,0.96
7311,0.86
7312,0.72
7314,0.89
7315,0.82
7320,0.82
7324,0.88
7326,0.78
7333,0.84
7334,0.68
7337,0.8
7338,0.93
7344,0.84
7350,0.95
7353,0.78
7355,0.83
7356,0.94
7357,0.83
7359,0.73
7360,0.88
7361,0.94
7362,0.9
7363,0.84
7364,0.75
7369,0.82
7372,0.87
7379,0.99
7382,0.78
7384,0.86
7387,0.91
7389,0.86
7393,0.73
7404,0.91
7407,0.93
7410,0.8
7414,0.87
7416,0.7
7417,0.9
7419,0.84
7425,0.73
7426,0.73
7432,0.85
7433,0.79
7435,0.97
7438,0.92
7441,0.7
7443,0.71
7448,0.85
7456,0.82
7457,0.9
7458,0.98
7459,0.7
7460,0.96
7464,0.88
7466,0.86
7467,0.76
7470,0.68
7472,0.84
7486,0.82
7501,0.87
7504,0.87
7505,0.75
7507,0.85
7508,0.92
7511,0.73
7513,0.79
7516,0.63
7518,0.92
7523,0.92
7524,0.91
7525,0.77
7528,0.91
7530,0.95
7535,0.65
7538,0.73
7539,0.83
7546,0.95
7548,0.82
7551,0.93
7556,0.67
7557,0.83
7566,0.92
7567,0.95
7573,0.77
7575,0.96
7577,0.93
7579,0.83
7582,0.67
7583,0.96
7587,0.81
7590,0.66
7599,0.42
7600,0.95
7602,0.46
7605,0.46
7606,0.73
7611,0.81
7613,0.71
7615,0.67
7631,0.82
7637,0.95
7639,0.98
7640,0.85
7642,0.77
7643,0.77
7650,0.78
7651,0.93
7653,0.74
7655,0.83
7656,0.85
7659,0.98
7661,0.91
7666,0.93
7667,0.8
7671,0.8
7674,0.86
7685,0.79
7686,0.67
7688,0.86
7692,0.86
7693,0.82
7696,0.88
7706,0.9
7711,0.8
7718,0.88
7721,0.72
7723,0.92
7724,0.76
7728,0.92
7729,0.91
7731,0.88
7732,0.91
7738,0.54
7745,0.8
7751,0.91
7758,0.78
7760,0.96
7761,0.8
7763,0.71
7766,0.84
7767,0.75
7774,0.57
7779,0.83
7780,0.75
7784,0.87
7785,0.78
7791,0.88
7795,0.96
7796,0.91
7797,0.39
7804,0.93
7806,0.73
7811,0.78
7816,0.73
7820,0.83
7821,0.78
7822,0.89
7823,0.78
7836,0.94
7841,0.92
7847,0.81
7848,0.9
7852,0.92
7859,0.85
7860,0.9
7861,0.89
7862,0.71
7867,0.95
7868,0.88
7871,0.93
7875,0.77
7886,0.86
7888,0.9
7896,0.62
7899,0.8
7900,0.73
7901,0.9
7902,0.88
7904,0.95
7905,0.84
7906,0.93
7914,0.87
7915,0.96
7917,0.97
7918,0.83
7922,0.7
7923,0.6
7926,0.75
7935,0.44
7938,0.83
7940,0.75
7941,0.52
7946,0.73
7954,0.72
7957,0.91
7960,0.85
7962,0.81
7966,0.84
7969,0.91
7972,0.78
7973,0.72
7975,0.95
7982,0.78
7983,0.64
7986,0.83
7988,0.81
7993,0.8
7995,0.9
7997,0.96
8002,0.87
8005,0.86
8007,0.98
8010,0.74
8013,0.82
8015,0.83
8020,0.86
8021,0.98
8023,0.96
8026,0.97
8032,0.85
8033,0.86
8036,0.88
8039,0.81
8049,0.87
8052,0.93
8057,0.69
8064,0.98
8066,0.77
8072,0.94
8075,0.83
8076,0.89
8082,0.89
8084,0.92
8086,0.78
8089,0.7
8090,0.51
8096,0.81
8099,0.87
8113,0.69
8114,0.77
8121,0.83
8125,0.76
8126,0.8
8130,0.92
8133,0.77
8134,0.82
8139,0.74
8144,0.84
8145,0.65
8148,0.82
8153,0.95
8163,0.85
8165,0.82
8166,0.83
8168,0.86
8170,0.74
8172,0.72
8173,0.72
8175,0.95
8176,0.83
8178,0.77
8181,0.95
8183,0.78
